Date,Index Identifier,Yield Change
2022-01-04,Daily Change in Fin,0.009708738
2022-01-05,Daily Change in Fin,0.019230769
2022-01-06,Daily Change in Fin,0.018867925
2022-01-07,Daily Change in Fin,0.009259259
2022-01-10,Daily Change in Fin,0.013761468
2022-01-11,Daily Change in Fin,-0.009049774
2022-01-12,Daily Change in Fin,-0.00456621
2022-01-13,Daily Change in Fin,0
2022-01-14,Daily Change in Fin,0.032110092
2022-01-18,Daily Change in Fin,0.035555556
2022-01-19,Daily Change in Fin,-0.017167382
2022-01-20,Daily Change in Fin,0.008733624
2022-01-21,Daily Change in Fin,-0.017316017
2022-01-24,Daily Change in Fin,0.004405286
2022-01-25,Daily Change in Fin,0.013157895
2022-01-26,Daily Change in Fin,0.012987013
2022-01-27,Daily Change in Fin,0.017094017
2022-01-28,Daily Change in Fin,0.004201681
2022-01-31,Daily Change in Fin,0
2022-02-01,Daily Change in Fin,0
2022-02-02,Daily Change in Fin,-0.008368201
2022-02-03,Daily Change in Fin,0.029535865
2022-02-04,Daily Change in Fin,0.049180328
2022-02-07,Daily Change in Fin,-0.0078125
2022-02-08,Daily Change in Fin,0.011811024
2022-02-09,Daily Change in Fin,-0.011673152
2022-02-10,Daily Change in Fin,0.05511811
2022-02-11,Daily Change in Fin,-0.007462687
2022-02-14,Daily Change in Fin,0.018796992
2022-02-15,Daily Change in Fin,0.007380074
2022-02-16,Daily Change in Fin,0.007326007
2022-02-17,Daily Change in Fin,-0.007272727
2022-02-18,Daily Change in Fin,-0.003663004
2022-02-22,Daily Change in Fin,0.025735294
2022-02-23,Daily Change in Fin,0.007168459
2022-02-24,Daily Change in Fin,0.010676157
2022-02-25,Daily Change in Fin,-0.003521127
2022-02-28,Daily Change in Fin,-0.042402827
2022-03-01,Daily Change in Fin,-0.033210332
2022-03-02,Daily Change in Fin,0.061068702
2022-03-03,Daily Change in Fin,-0.003597122
2022-03-04,Daily Change in Fin,-0.007220217
2022-03-07,Daily Change in Fin,0.036363636
2022-03-08,Daily Change in Fin,0.049122807
2022-03-09,Daily Change in Fin,0.013377926
2022-03-10,Daily Change in Fin,0.02640264
2022-03-11,Daily Change in Fin,0.006430868
2022-03-14,Daily Change in Fin,0.038338658
2022-03-15,Daily Change in Fin,0.003076923
2022-03-16,Daily Change in Fin,-0.006134969
2022-03-17,Daily Change in Fin,-0.024691358
2022-03-18,Daily Change in Fin,-0.009493671
2022-03-21,Daily Change in Fin,0.041533546
2022-03-22,Daily Change in Fin,0.009202454
2022-03-23,Daily Change in Fin,-0.018237082
2022-03-24,Daily Change in Fin,0.012383901
2022-03-25,Daily Change in Fin,0.039755352
2022-03-28,Daily Change in Fin,-0.005882353
2022-03-29,Daily Change in Fin,-0.026627219
2022-03-30,Daily Change in Fin,-0.015197568
2022-03-31,Daily Change in Fin,-0.00617284
2022-04-01,Daily Change in Fin,0.02484472
2022-04-04,Daily Change in Fin,0.003030303
2022-04-05,Daily Change in Fin,0.027190332
2022-04-06,Daily Change in Fin,0.014705882
2022-04-07,Daily Change in Fin,0.002898551
2022-04-08,Daily Change in Fin,0.023121387
2022-04-11,Daily Change in Fin,0.014124294
2022-04-12,Daily Change in Fin,-0.011142061
2022-04-13,Daily Change in Fin,0
2022-04-14,Daily Change in Fin,0.028169014
2022-04-18,Daily Change in Fin,0.010958904
2022-04-19,Daily Change in Fin,0.01897019
2022-04-20,Daily Change in Fin,-0.010638298
2022-04-21,Daily Change in Fin,0.029569892
2022-04-22,Daily Change in Fin,0.010443864
2022-04-25,Daily Change in Fin,-0.018087855
2022-04-26,Daily Change in Fin,-0.013157895
2022-04-27,Daily Change in Fin,0.008
2022-04-28,Daily Change in Fin,0.018518519
2022-04-29,Daily Change in Fin,0.012987013
2022-05-02,Daily Change in Fin,0.025641026
2022-05-03,Daily Change in Fin,-0.0075
2022-05-04,Daily Change in Fin,-0.020151134
2022-05-05,Daily Change in Fin,0.020565553
2022-05-06,Daily Change in Fin,0.017632242
2022-05-09,Daily Change in Fin,-0.002475248
2022-05-10,Daily Change in Fin,-0.009925558
2022-05-11,Daily Change in Fin,-0.012531328
2022-05-12,Daily Change in Fin,-0.015228426
2022-05-13,Daily Change in Fin,0.025773196
2022-05-16,Daily Change in Fin,-0.007537688
2022-05-17,Daily Change in Fin,0.025316456
2022-05-18,Daily Change in Fin,-0.009876543
2022-05-19,Daily Change in Fin,-0.002493766
2022-05-20,Daily Change in Fin,-0.0075
2022-05-23,Daily Change in Fin,0.007556675
2022-05-24,Daily Change in Fin,-0.0275
2022-05-25,Daily Change in Fin,-0.017994859
2022-05-26,Daily Change in Fin,-0.013089005
2022-05-27,Daily Change in Fin,0
2022-05-31,Daily Change in Fin,0.01061008
2022-06-01,Daily Change in Fin,0.023622047
2022-06-02,Daily Change in Fin,-0.005128205
2022-06-03,Daily Change in Fin,0.012886598
2022-06-06,Daily Change in Fin,0.015267176
2022-06-07,Daily Change in Fin,-0.007518797
2022-06-08,Daily Change in Fin,0.01010101
2022-06-09,Daily Change in Fin,0.01
2022-06-10,Daily Change in Fin,0.042079208
2022-06-13,Daily Change in Fin,0.06175772
2022-06-14,Daily Change in Fin,0.024608501
2022-06-15,Daily Change in Fin,-0.021834061
2022-06-16,Daily Change in Fin,-0.006696429
2022-06-17,Daily Change in Fin,-0.002247191
2022-06-21,Daily Change in Fin,0.009009009
2022-06-22,Daily Change in Fin,-0.015625
2022-06-23,Daily Change in Fin,-0.011337868
2022-06-24,Daily Change in Fin,0.006880734
2022-06-27,Daily Change in Fin,0.013667426
2022-06-28,Daily Change in Fin,0.006741573
2022-06-29,Daily Change in Fin,-0.015625
2022-06-30,Daily Change in Fin,-0.015873016
2022-07-01,Daily Change in Fin,-0.006912442
2022-07-05,Daily Change in Fin,-0.011600928
2022-07-06,Daily Change in Fin,0.021126761
2022-07-07,Daily Change in Fin,0.006896552
2022-07-08,Daily Change in Fin,0.011415525
2022-07-11,Daily Change in Fin,-0.015801354
2022-07-12,Daily Change in Fin,-0.004587156
2022-07-13,Daily Change in Fin,0.006912442
2022-07-14,Daily Change in Fin,0.009153318
2022-07-15,Daily Change in Fin,-0.006802721
2022-07-18,Daily Change in Fin,0
2022-07-19,Daily Change in Fin,0.01369863
2022-07-20,Daily Change in Fin,0
2022-07-21,Daily Change in Fin,-0.031531532
2022-07-22,Daily Change in Fin,-0.027906977
2022-07-25,Daily Change in Fin,0.016746411
2022-07-26,Daily Change in Fin,0.002352941
2022-07-27,Daily Change in Fin,-0.018779343
2022-07-28,Daily Change in Fin,-0.011961722
2022-07-29,Daily Change in Fin,-0.004842615
2022-08-01,Daily Change in Fin,-0.00486618
2022-08-02,Daily Change in Fin,0.031784841
2022-08-03,Daily Change in Fin,0
2022-08-04,Daily Change in Fin,-0.014218009
2022-08-05,Daily Change in Fin,0.038461538
2022-08-08,Daily Change in Fin,-0.016203704
2022-08-09,Daily Change in Fin,0.016470588
2022-08-10,Daily Change in Fin,-0.016203704
2022-08-11,Daily Change in Fin,0.004705882
2022-08-12,Daily Change in Fin,-0.007025761
2022-08-15,Daily Change in Fin,-0.011792453
2022-08-16,Daily Change in Fin,0.007159905
2022-08-17,Daily Change in Fin,0.016587678
2022-08-18,Daily Change in Fin,-0.004662005
2022-08-19,Daily Change in Fin,0.021077283
2022-08-22,Daily Change in Fin,0.016055046
2022-08-23,Daily Change in Fin,0.002257336
2022-08-24,Daily Change in Fin,0.006756757
2022-08-25,Daily Change in Fin,-0.013422819
2022-08-26,Daily Change in Fin,0.004535147
2022-08-29,Daily Change in Fin,0.020316027
2022-08-30,Daily Change in Fin,0.002212389
2022-08-31,Daily Change in Fin,0.008830022
2022-09-01,Daily Change in Fin,0.030634573
2022-09-02,Daily Change in Fin,-0.01910828
2022-09-06,Daily Change in Fin,0.03030303
2022-09-07,Daily Change in Fin,-0.012605042
2022-09-08,Daily Change in Fin,0.00212766
2022-09-09,Daily Change in Fin,0.006369427
2022-09-12,Daily Change in Fin,0
2022-09-13,Daily Change in Fin,0.025316456
2022-09-14,Daily Change in Fin,0.002057613
2022-09-15,Daily Change in Fin,0.01026694
2022-09-16,Daily Change in Fin,0.00203252
2022-09-19,Daily Change in Fin,0.010141988
2022-09-20,Daily Change in Fin,0.012048193
2022-09-21,Daily Change in Fin,-0.007936508
2022-09-22,Daily Change in Fin,0.036
2022-09-23,Daily Change in Fin,0.015444015
2022-09-26,Daily Change in Fin,0.030418251
2022-09-27,Daily Change in Fin,0.020295203
2022-09-28,Daily Change in Fin,-0.027124774
2022-09-29,Daily Change in Fin,0.018587361
2022-09-30,Daily Change in Fin,0.001824818
2022-10-03,Daily Change in Fin,-0.023679417
2022-10-04,Daily Change in Fin,-0.013059701
2022-10-05,Daily Change in Fin,0.018903592
2022-10-06,Daily Change in Fin,0.009276438
2022-10-07,Daily Change in Fin,0.012867647
2022-10-11,Daily Change in Fin,0.016333938
2022-10-12,Daily Change in Fin,0.005357143
2022-10-13,Daily Change in Fin,0.017761989
2022-10-14,Daily Change in Fin,0.010471204
2022-10-17,Daily Change in Fin,0
2022-10-18,Daily Change in Fin,-0.003454231
2022-10-19,Daily Change in Fin,0.024263432
2022-10-20,Daily Change in Fin,0.010152284
2022-10-21,Daily Change in Fin,-0.005025126
2022-10-24,Daily Change in Fin,-0.005050505
2022-10-25,Daily Change in Fin,-0.015228426
2022-10-26,Daily Change in Fin,-0.012027491
2022-10-27,Daily Change in Fin,-0.012173913
2022-10-28,Daily Change in Fin,0.012323944
2022-10-31,Daily Change in Fin,0.006956522
2022-11-01,Daily Change in Fin,-0.005181347
2022-11-02,Daily Change in Fin,-0.001736111
2022-11-03,Daily Change in Fin,0.015652174
2022-11-04,Daily Change in Fin,0
2022-11-07,Daily Change in Fin,0.006849315
2022-11-08,Daily Change in Fin,-0.013605442
2022-11-09,Daily Change in Fin,0.003448276
2022-11-10,Daily Change in Fin,-0.051546392
2022-11-14,Daily Change in Fin,0
2022-11-15,Daily Change in Fin,-0.014492754
2022-11-16,Daily Change in Fin,-0.012867647
2022-11-17,Daily Change in Fin,0.013035382
2022-11-18,Daily Change in Fin,0.001838235
2022-11-21,Daily Change in Fin,-0.003669725
2022-11-22,Daily Change in Fin,-0.009208103
2022-11-23,Daily Change in Fin,-0.005576208
2022-11-25,Daily Change in Fin,-0.001869159
2022-11-28,Daily Change in Fin,-0.001872659
2022-11-29,Daily Change in Fin,0.00750469
2022-11-30,Daily Change in Fin,-0.00744879
2022-12-01,Daily Change in Fin,-0.030018762
2022-12-02,Daily Change in Fin,0
2022-12-05,Daily Change in Fin,0.013539652
2022-12-06,Daily Change in Fin,-0.011450382
2022-12-07,Daily Change in Fin,-0.017374517
2022-12-08,Daily Change in Fin,0.013752456
2022-12-09,Daily Change in Fin,0.007751938
2022-12-12,Daily Change in Fin,0.005769231
2022-12-13,Daily Change in Fin,-0.024856597
2022-12-14,Daily Change in Fin,0.003921569
2022-12-15,Daily Change in Fin,-0.001953125
2022-12-16,Daily Change in Fin,0.001956947
2022-01-04,Daily Change in Cons,0.017777778
2022-01-05,Daily Change in Cons,0.008733624
2022-01-06,Daily Change in Cons,0.017316017
2022-01-07,Daily Change in Cons,0.008510638
2022-01-10,Daily Change in Cons,0.016877637
2022-01-11,Daily Change in Cons,-0.012448133
2022-01-12,Daily Change in Cons,0
2022-01-13,Daily Change in Cons,-0.004201681
2022-01-14,Daily Change in Cons,0.029535865
2022-01-18,Daily Change in Cons,0.040983607
2022-01-19,Daily Change in Cons,-0.015748031
2022-01-20,Daily Change in Cons,0.012
2022-01-21,Daily Change in Cons,-0.019762846
2022-01-24,Daily Change in Cons,0
2022-01-25,Daily Change in Cons,0.024193548
2022-01-26,Daily Change in Cons,0.015748031
2022-01-27,Daily Change in Cons,0.011627907
2022-01-28,Daily Change in Cons,0
2022-01-31,Daily Change in Cons,0.003831418
2022-02-01,Daily Change in Cons,-0.003816794
2022-02-02,Daily Change in Cons,-0.01532567
2022-02-03,Daily Change in Cons,0.027237354
2022-02-04,Daily Change in Cons,0.049242424
2022-02-07,Daily Change in Cons,-0.007220217
2022-02-08,Daily Change in Cons,0.010909091
2022-02-09,Daily Change in Cons,-0.007194245
2022-02-10,Daily Change in Cons,0.050724638
2022-02-11,Daily Change in Cons,-0.017241379
2022-02-14,Daily Change in Cons,0.024561404
2022-02-15,Daily Change in Cons,0.006849315
2022-02-16,Daily Change in Cons,0.006802721
2022-02-17,Daily Change in Cons,-0.006756757
2022-02-18,Daily Change in Cons,0
2022-02-22,Daily Change in Cons,0.020408163
2022-02-23,Daily Change in Cons,0.006666667
2022-02-24,Daily Change in Cons,0.016556291
2022-02-25,Daily Change in Cons,-0.006514658
2022-02-28,Daily Change in Cons,-0.045901639
2022-03-01,Daily Change in Cons,-0.06185567
2022-03-02,Daily Change in Cons,0.065934066
2022-03-03,Daily Change in Cons,-0.003436426
2022-03-04,Daily Change in Cons,-0.017241379
2022-03-07,Daily Change in Cons,0.031578947
2022-03-08,Daily Change in Cons,0.051020408
2022-03-09,Daily Change in Cons,0.01618123
2022-03-10,Daily Change in Cons,0.02866242
2022-03-11,Daily Change in Cons,0.00619195
2022-03-14,Daily Change in Cons,0.046153846
2022-03-15,Daily Change in Cons,0.002941176
2022-03-16,Daily Change in Cons,-0.002932551
2022-03-17,Daily Change in Cons,-0.023529412
2022-03-18,Daily Change in Cons,-0.015060241
2022-03-21,Daily Change in Cons,0.042813456
2022-03-22,Daily Change in Cons,0.008797654
2022-03-23,Daily Change in Cons,-0.020348837
2022-03-24,Daily Change in Cons,0.011869436
2022-03-25,Daily Change in Cons,0.041055718
2022-03-28,Daily Change in Cons,-0.002816901
2022-03-29,Daily Change in Cons,-0.028248588
2022-03-30,Daily Change in Cons,-0.014534884
2022-03-31,Daily Change in Cons,-0.01179941
2022-04-01,Daily Change in Cons,0.023880597
2022-04-04,Daily Change in Cons,0.002915452
2022-04-05,Daily Change in Cons,0.026162791
2022-04-06,Daily Change in Cons,0.014164306
2022-04-07,Daily Change in Cons,0.005586592
2022-04-08,Daily Change in Cons,0.022222222
2022-04-11,Daily Change in Cons,0.019021739
2022-04-12,Daily Change in Cons,-0.013333333
2022-04-13,Daily Change in Cons,0
2022-04-14,Daily Change in Cons,0.024324324
2022-04-18,Daily Change in Cons,0.013192612
2022-04-19,Daily Change in Cons,0.018229167
2022-04-20,Daily Change in Cons,-0.012787724
2022-04-21,Daily Change in Cons,0.028497409
2022-04-22,Daily Change in Cons,0.010075567
2022-04-25,Daily Change in Cons,-0.014962594
2022-04-26,Daily Change in Cons,-0.017721519
2022-04-27,Daily Change in Cons,0.010309278
2022-04-28,Daily Change in Cons,0.015306122
2022-04-29,Daily Change in Cons,0.010050251
2022-05-02,Daily Change in Cons,0.029850746
2022-05-03,Daily Change in Cons,-0.009661836
2022-05-04,Daily Change in Cons,-0.017073171
2022-05-05,Daily Change in Cons,0.022332506
2022-05-06,Daily Change in Cons,0.014563107
2022-05-09,Daily Change in Cons,-0.007177033
2022-05-10,Daily Change in Cons,-0.009638554
2022-05-11,Daily Change in Cons,-0.01459854
2022-05-12,Daily Change in Cons,-0.014814815
2022-05-13,Daily Change in Cons,0.027568922
2022-05-16,Daily Change in Cons,-0.007317073
2022-05-17,Daily Change in Cons,0.027027027
2022-05-18,Daily Change in Cons,-0.007177033
2022-05-19,Daily Change in Cons,-0.002409639
2022-05-20,Daily Change in Cons,-0.009661836
2022-05-23,Daily Change in Cons,0.009756098
2022-05-24,Daily Change in Cons,-0.024154589
2022-05-25,Daily Change in Cons,-0.017326733
2022-05-26,Daily Change in Cons,-0.012594458
2022-05-27,Daily Change in Cons,-0.00255102
2022-05-31,Daily Change in Cons,0.015345269
2022-06-01,Daily Change in Cons,0.020151134
2022-06-02,Daily Change in Cons,-0.002469136
2022-06-03,Daily Change in Cons,0.00990099
2022-06-06,Daily Change in Cons,0.017156863
2022-06-07,Daily Change in Cons,-0.009638554
2022-06-08,Daily Change in Cons,0.01216545
2022-06-09,Daily Change in Cons,0.009615385
2022-06-10,Daily Change in Cons,0.045238095
2022-06-13,Daily Change in Cons,0.066059226
2022-06-14,Daily Change in Cons,0.021367521
2022-06-15,Daily Change in Cons,-0.025104603
2022-06-16,Daily Change in Cons,-0.006437768
2022-06-17,Daily Change in Cons,-0.010799136
2022-06-21,Daily Change in Cons,0.010917031
2022-06-22,Daily Change in Cons,-0.019438445
2022-06-23,Daily Change in Cons,-0.011013216
2022-06-24,Daily Change in Cons,0.006681514
2022-06-27,Daily Change in Cons,0.013274336
2022-06-28,Daily Change in Cons,0.006550218
2022-06-29,Daily Change in Cons,-0.019522777
2022-06-30,Daily Change in Cons,-0.017699115
2022-07-01,Daily Change in Cons,-0.009009009
2022-07-05,Daily Change in Cons,-0.011363636
2022-07-06,Daily Change in Cons,0.016091954
2022-07-07,Daily Change in Cons,0.009049774
2022-07-08,Daily Change in Cons,0.013452915
2022-07-11,Daily Change in Cons,-0.019911504
2022-07-12,Daily Change in Cons,-0.004514673
2022-07-13,Daily Change in Cons,0
2022-07-14,Daily Change in Cons,0.006802721
2022-07-15,Daily Change in Cons,-0.009009009
2022-07-18,Daily Change in Cons,0
2022-07-19,Daily Change in Cons,0.011363636
2022-07-20,Daily Change in Cons,-0.002247191
2022-07-21,Daily Change in Cons,-0.029279279
2022-07-22,Daily Change in Cons,-0.025522042
2022-07-25,Daily Change in Cons,0.00952381
2022-07-26,Daily Change in Cons,0.004716981
2022-07-27,Daily Change in Cons,-0.016431925
2022-07-28,Daily Change in Cons,-0.014319809
2022-07-29,Daily Change in Cons,-0.00968523
2022-08-01,Daily Change in Cons,-0.007334963
2022-08-02,Daily Change in Cons,0.032019704
2022-08-03,Daily Change in Cons,0.002386635
2022-08-04,Daily Change in Cons,-0.016666667
2022-08-05,Daily Change in Cons,0.03874092
2022-08-08,Daily Change in Cons,-0.013986014
2022-08-09,Daily Change in Cons,0.011820331
2022-08-10,Daily Change in Cons,-0.011682243
2022-08-11,Daily Change in Cons,0.007092199
2022-08-12,Daily Change in Cons,-0.007042254
2022-08-15,Daily Change in Cons,-0.011820331
2022-08-16,Daily Change in Cons,0.007177033
2022-08-17,Daily Change in Cons,0.019002375
2022-08-18,Daily Change in Cons,-0.002331002
2022-08-19,Daily Change in Cons,0.021028037
2022-08-22,Daily Change in Cons,0.016018307
2022-08-23,Daily Change in Cons,0
2022-08-24,Daily Change in Cons,0.006756757
2022-08-25,Daily Change in Cons,-0.015659955
2022-08-26,Daily Change in Cons,0.006818182
2022-08-29,Daily Change in Cons,0.020316027
2022-08-30,Daily Change in Cons,0.002212389
2022-08-31,Daily Change in Cons,0.008830022
2022-09-01,Daily Change in Cons,0.030634573
2022-09-02,Daily Change in Cons,-0.01910828
2022-09-06,Daily Change in Cons,0.034632035
2022-09-07,Daily Change in Cons,-0.018828452
2022-09-08,Daily Change in Cons,0.004264392
2022-09-09,Daily Change in Cons,0.004246285
2022-09-12,Daily Change in Cons,0.00422833
2022-09-13,Daily Change in Cons,0.018947368
2022-09-14,Daily Change in Cons,0.002066116
2022-09-15,Daily Change in Cons,0.008247423
2022-09-16,Daily Change in Cons,0.00204499
2022-09-19,Daily Change in Cons,0.012244898
2022-09-20,Daily Change in Cons,0.012096774
2022-09-21,Daily Change in Cons,-0.009960159
2022-09-22,Daily Change in Cons,0.038229376
2022-09-23,Daily Change in Cons,0.007751938
2022-09-26,Daily Change in Cons,0.032692308
2022-09-27,Daily Change in Cons,0.020484171
2022-09-28,Daily Change in Cons,-0.032846715
2022-09-29,Daily Change in Cons,0.018867925
2022-09-30,Daily Change in Cons,0.005555556
2022-10-03,Daily Change in Cons,-0.027624309
2022-10-04,Daily Change in Cons,-0.015151515
2022-10-05,Daily Change in Cons,0.021153846
2022-10-06,Daily Change in Cons,0.009416196
2022-10-07,Daily Change in Cons,0.014925373
2022-10-11,Daily Change in Cons,0.014705882
2022-10-12,Daily Change in Cons,0.003623188
2022-10-13,Daily Change in Cons,0.016245487
2022-10-14,Daily Change in Cons,0.005328597
2022-10-17,Daily Change in Cons,-0.001766784
2022-10-18,Daily Change in Cons,-0.005309735
2022-10-19,Daily Change in Cons,0.023131673
2022-10-20,Daily Change in Cons,0.012173913
2022-10-21,Daily Change in Cons,-0.003436426
2022-10-24,Daily Change in Cons,-0.001724138
2022-10-25,Daily Change in Cons,-0.017271157
2022-10-26,Daily Change in Cons,-0.014059754
2022-10-27,Daily Change in Cons,-0.012477718
2022-10-28,Daily Change in Cons,0.010830325
2022-10-31,Daily Change in Cons,0.007142857
2022-11-01,Daily Change in Cons,0.00177305
2022-11-02,Daily Change in Cons,0
2022-11-03,Daily Change in Cons,0.017699115
2022-11-04,Daily Change in Cons,-0.00173913
2022-11-07,Daily Change in Cons,0.005226481
2022-11-08,Daily Change in Cons,-0.012131716
2022-11-09,Daily Change in Cons,0
2022-11-10,Daily Change in Cons,-0.054385965
2022-11-14,Daily Change in Cons,-0.001855288
2022-11-15,Daily Change in Cons,-0.018587361
2022-11-16,Daily Change in Cons,-0.015151515
2022-11-17,Daily Change in Cons,0.013461538
2022-11-18,Daily Change in Cons,0.001897533
2022-11-21,Daily Change in Cons,-0.001893939
2022-11-22,Daily Change in Cons,-0.009487666
2022-11-23,Daily Change in Cons,-0.013409962
2022-11-25,Daily Change in Cons,0
2022-11-28,Daily Change in Cons,-0.001941748
2022-11-29,Daily Change in Cons,0.011673152
2022-11-30,Daily Change in Cons,-0.009615385
2022-12-01,Daily Change in Cons,-0.033009709
2022-12-02,Daily Change in Cons,-0.006024096
2022-12-05,Daily Change in Cons,0.018181818
2022-12-06,Daily Change in Cons,-0.009920635
2022-12-07,Daily Change in Cons,-0.02004008
2022-12-08,Daily Change in Cons,0.012269939
2022-12-09,Daily Change in Cons,0.008080808
2022-12-12,Daily Change in Cons,0.01002004
2022-12-13,Daily Change in Cons,-0.023809524
2022-12-14,Daily Change in Cons,0.004065041
2022-12-15,Daily Change in Cons,-0.004048583
2022-12-16,Daily Change in Cons,0.006097561
2022-01-04,Daily Change in Eng ,0.007874016
2022-01-05,Daily Change in Eng ,0.00390625
2022-01-06,Daily Change in Eng ,0.019455253
2022-01-07,Daily Change in Eng ,0.007633588
2022-01-10,Daily Change in Eng ,0.011363636
2022-01-11,Daily Change in Eng ,0
2022-01-12,Daily Change in Eng ,-0.003745318
2022-01-13,Daily Change in Eng ,-0.007518797
2022-01-14,Daily Change in Eng ,0.022727273
2022-01-18,Daily Change in Eng ,0.033333333
2022-01-19,Daily Change in Eng ,-0.014336918
2022-01-20,Daily Change in Eng ,0.003636364
2022-01-21,Daily Change in Eng ,-0.010869565
2022-01-24,Daily Change in Eng ,0.003663004
2022-01-25,Daily Change in Eng ,0.010948905
2022-01-26,Daily Change in Eng ,0.010830325
2022-01-27,Daily Change in Eng ,0.017857143
2022-01-28,Daily Change in Eng ,0.010526316
2022-01-31,Daily Change in Eng ,-0.006944444
2022-02-01,Daily Change in Eng ,0
2022-02-02,Daily Change in Eng ,-0.017482517
2022-02-03,Daily Change in Eng ,0.024911032
2022-02-04,Daily Change in Eng ,0.038194444
2022-02-07,Daily Change in Eng ,0
2022-02-08,Daily Change in Eng ,0.006688963
2022-02-09,Daily Change in Eng ,-0.009966777
2022-02-10,Daily Change in Eng ,0.040268456
2022-02-11,Daily Change in Eng ,-0.003225806
2022-02-14,Daily Change in Eng ,0.01618123
2022-02-15,Daily Change in Eng ,0.012738854
2022-02-16,Daily Change in Eng ,0.003144654
2022-02-17,Daily Change in Eng ,-0.006269592
2022-02-18,Daily Change in Eng ,0
2022-02-22,Daily Change in Eng ,0.009463722
2022-02-23,Daily Change in Eng ,0.015625
2022-02-24,Daily Change in Eng ,0.015384615
2022-02-25,Daily Change in Eng ,-0.015151515
2022-02-28,Daily Change in Eng ,-0.027692308
2022-03-01,Daily Change in Eng ,-0.028481013
2022-03-02,Daily Change in Eng ,0.035830619
2022-03-03,Daily Change in Eng ,0.066037736
2022-03-04,Daily Change in Eng ,-0.014749263
2022-03-07,Daily Change in Eng ,0.023952096
2022-03-08,Daily Change in Eng ,0.005847953
2022-03-09,Daily Change in Eng ,0.011627907
2022-03-10,Daily Change in Eng ,0.020114943
2022-03-11,Daily Change in Eng ,0.008450704
2022-03-14,Daily Change in Eng ,0.036312849
2022-03-15,Daily Change in Eng ,0.002695418
2022-03-16,Daily Change in Eng ,-0.008064516
2022-03-17,Daily Change in Eng ,-0.013550136
2022-03-18,Daily Change in Eng ,-0.032967033
2022-03-21,Daily Change in Eng ,0.025568182
2022-03-22,Daily Change in Eng ,0.019390582
2022-03-23,Daily Change in Eng ,-0.013586957
2022-03-24,Daily Change in Eng ,0.002754821
2022-03-25,Daily Change in Eng ,0.024725275
2022-03-28,Daily Change in Eng ,0.00536193
2022-03-29,Daily Change in Eng ,-0.029333333
2022-03-30,Daily Change in Eng ,-0.010989011
2022-03-31,Daily Change in Eng ,-0.002777778
2022-04-01,Daily Change in Eng ,0.019498607
2022-04-04,Daily Change in Eng ,0
2022-04-05,Daily Change in Eng ,0.019125683
2022-04-06,Daily Change in Eng ,0.024128686
2022-04-07,Daily Change in Eng ,0
2022-04-08,Daily Change in Eng ,0.018324607
2022-04-11,Daily Change in Eng ,0.023136247
2022-04-12,Daily Change in Eng ,-0.007537688
2022-04-13,Daily Change in Eng ,-0.012658228
2022-04-14,Daily Change in Eng ,0.025641026
2022-04-18,Daily Change in Eng ,0.01
2022-04-19,Daily Change in Eng ,0.017326733
2022-04-20,Daily Change in Eng ,-0.00729927
2022-04-21,Daily Change in Eng ,0.024509804
2022-04-22,Daily Change in Eng ,0.011961722
2022-04-25,Daily Change in Eng ,-0.011820331
2022-04-26,Daily Change in Eng ,-0.011961722
2022-04-27,Daily Change in Eng ,0.002421308
2022-04-28,Daily Change in Eng ,0.014492754
2022-04-29,Daily Change in Eng ,0.00952381
2022-05-02,Daily Change in Eng ,0.028301887
2022-05-03,Daily Change in Eng ,-0.016055046
2022-05-04,Daily Change in Eng ,-0.006993007
2022-05-05,Daily Change in Eng ,0.023474178
2022-05-06,Daily Change in Eng ,0.004587156
2022-05-09,Daily Change in Eng ,-0.002283105
2022-05-10,Daily Change in Eng ,-0.013729977
2022-05-11,Daily Change in Eng ,0.006960557
2022-05-12,Daily Change in Eng ,-0.013824885
2022-05-13,Daily Change in Eng ,0.025700935
2022-05-16,Daily Change in Eng ,-0.009111617
2022-05-17,Daily Change in Eng ,0.020689655
2022-05-18,Daily Change in Eng ,-0.029279279
2022-05-19,Daily Change in Eng ,0.013921114
2022-05-20,Daily Change in Eng ,-0.009153318
2022-05-23,Daily Change in Eng ,0.011547344
2022-05-24,Daily Change in Eng ,-0.02283105
2022-05-25,Daily Change in Eng ,-0.011682243
2022-05-26,Daily Change in Eng ,-0.011820331
2022-05-27,Daily Change in Eng ,-0.002392344
2022-05-31,Daily Change in Eng ,0.011990408
2022-06-01,Daily Change in Eng ,0.007109005
2022-06-02,Daily Change in Eng ,0
2022-06-03,Daily Change in Eng ,0.004705882
2022-06-06,Daily Change in Eng ,0.014051522
2022-06-07,Daily Change in Eng ,-0.006928406
2022-06-08,Daily Change in Eng ,0.006976744
2022-06-09,Daily Change in Eng ,0.006928406
2022-06-10,Daily Change in Eng ,0.032110092
2022-06-13,Daily Change in Eng ,0.064444444
2022-06-14,Daily Change in Eng ,0.025052192
2022-06-15,Daily Change in Eng ,-0.018329939
2022-06-16,Daily Change in Eng ,-0.006224066
2022-06-17,Daily Change in Eng ,-0.008350731
2022-06-21,Daily Change in Eng ,0.012631579
2022-06-22,Daily Change in Eng ,-0.012474012
2022-06-23,Daily Change in Eng ,-0.008421053
2022-06-24,Daily Change in Eng ,0.006369427
2022-06-27,Daily Change in Eng ,0.010548523
2022-06-28,Daily Change in Eng ,0.006263048
2022-06-29,Daily Change in Eng ,-0.010373444
2022-06-30,Daily Change in Eng ,-0.012578616
2022-07-01,Daily Change in Eng ,-0.004246285
2022-07-05,Daily Change in Eng ,-0.008528785
2022-07-06,Daily Change in Eng ,0.023655914
2022-07-07,Daily Change in Eng ,0.010504202
2022-07-08,Daily Change in Eng ,0
2022-07-11,Daily Change in Eng ,-0.012474012
2022-07-12,Daily Change in Eng ,-0.008421053
2022-07-13,Daily Change in Eng ,0.004246285
2022-07-14,Daily Change in Eng ,0.00422833
2022-07-15,Daily Change in Eng ,-0.002105263
2022-07-18,Daily Change in Eng ,0
2022-07-19,Daily Change in Eng ,0.008438819
2022-07-20,Daily Change in Eng ,0
2022-07-21,Daily Change in Eng ,-0.020920502
2022-07-22,Daily Change in Eng ,-0.027777778
2022-07-25,Daily Change in Eng ,0.010989011
2022-07-26,Daily Change in Eng ,0.002173913
2022-07-27,Daily Change in Eng ,-0.006507592
2022-07-28,Daily Change in Eng ,-0.021834061
2022-07-29,Daily Change in Eng ,-0.006696429
2022-08-01,Daily Change in Eng ,-0.013483146
2022-08-02,Daily Change in Eng ,0.020501139
2022-08-03,Daily Change in Eng ,0.011160714
2022-08-04,Daily Change in Eng ,-0.013245033
2022-08-05,Daily Change in Eng ,0.024608501
2022-08-08,Daily Change in Eng ,-0.004366812
2022-08-09,Daily Change in Eng ,0.00877193
2022-08-10,Daily Change in Eng ,-0.015217391
2022-08-11,Daily Change in Eng ,0.008830022
2022-08-12,Daily Change in Eng ,-0.004376368
2022-08-15,Daily Change in Eng ,-0.010989011
2022-08-16,Daily Change in Eng ,0.002222222
2022-08-17,Daily Change in Eng ,0.015521064
2022-08-18,Daily Change in Eng ,-0.002183406
2022-08-19,Daily Change in Eng ,0.019693654
2022-08-22,Daily Change in Eng ,0.012875536
2022-08-23,Daily Change in Eng ,0.002118644
2022-08-24,Daily Change in Eng ,0.00845666
2022-08-25,Daily Change in Eng ,-0.01048218
2022-08-26,Daily Change in Eng ,0.004237288
2022-08-29,Daily Change in Eng ,0.012658228
2022-08-30,Daily Change in Eng ,0.00625
2022-08-31,Daily Change in Eng ,0
2022-09-01,Daily Change in Eng ,0.039337474
2022-09-02,Daily Change in Eng ,-0.015936255
2022-09-06,Daily Change in Eng ,0.026315789
2022-09-07,Daily Change in Eng ,-0.009861933
2022-09-08,Daily Change in Eng ,0.001992032
2022-09-09,Daily Change in Eng ,0.005964215
2022-09-12,Daily Change in Eng ,0.001976285
2022-09-13,Daily Change in Eng ,0.015779093
2022-09-14,Daily Change in Eng ,0.003883495
2022-09-15,Daily Change in Eng ,0.00967118
2022-09-16,Daily Change in Eng ,0.001915709
2022-09-19,Daily Change in Eng ,0.005736138
2022-09-20,Daily Change in Eng ,0.009505703
2022-09-21,Daily Change in Eng ,-0.003766478
2022-09-22,Daily Change in Eng ,0.030245747
2022-09-23,Daily Change in Eng ,0.009174312
2022-09-26,Daily Change in Eng ,0.032727273
2022-09-27,Daily Change in Eng ,0.01584507
2022-09-28,Daily Change in Eng ,-0.022530329
2022-09-29,Daily Change in Eng ,0.010638298
2022-09-30,Daily Change in Eng ,0.007017544
2022-10-03,Daily Change in Eng ,-0.022648084
2022-10-04,Daily Change in Eng ,-0.01426025
2022-10-05,Daily Change in Eng ,0.014466546
2022-10-06,Daily Change in Eng ,0.010695187
2022-10-07,Daily Change in Eng ,0.008818342
2022-10-11,Daily Change in Eng ,0.015734266
2022-10-12,Daily Change in Eng ,0
2022-10-13,Daily Change in Eng ,0.015490534
2022-10-14,Daily Change in Eng ,0.006779661
2022-10-17,Daily Change in Eng ,-0.001683502
2022-10-18,Daily Change in Eng ,-0.008431703
2022-10-19,Daily Change in Eng ,0.022108844
2022-10-20,Daily Change in Eng ,0.013311148
2022-10-21,Daily Change in Eng ,-0.001642036
2022-10-24,Daily Change in Eng ,-0.003289474
2022-10-25,Daily Change in Eng ,-0.014851485
2022-10-26,Daily Change in Eng ,-0.015075377
2022-10-27,Daily Change in Eng ,-0.010204082
2022-10-28,Daily Change in Eng ,0.008591065
2022-10-31,Daily Change in Eng ,0.005110733
2022-11-01,Daily Change in Eng ,-0.003389831
2022-11-02,Daily Change in Eng ,0
2022-11-03,Daily Change in Eng ,0.015306122
2022-11-04,Daily Change in Eng ,-0.003350084
2022-11-07,Daily Change in Eng ,0.005042017
2022-11-08,Daily Change in Eng ,-0.011705686
2022-11-09,Daily Change in Eng ,0.003384095
2022-11-10,Daily Change in Eng ,-0.047217538
2022-11-14,Daily Change in Eng ,-0.007079646
2022-11-15,Daily Change in Eng ,-0.017825312
2022-11-16,Daily Change in Eng ,-0.012704174
2022-11-17,Daily Change in Eng ,0.012867647
2022-11-18,Daily Change in Eng ,0.003629764
2022-11-21,Daily Change in Eng ,-0.001808318
2022-11-22,Daily Change in Eng ,-0.003623188
2022-11-23,Daily Change in Eng ,-0.010909091
2022-11-25,Daily Change in Eng ,0.001838235
2022-11-28,Daily Change in Eng ,-0.003669725
2022-11-29,Daily Change in Eng ,0.005524862
2022-11-30,Daily Change in Eng ,-0.007326007
2022-12-01,Daily Change in Eng ,-0.027675277
2022-12-02,Daily Change in Eng ,-0.007590133
2022-12-05,Daily Change in Eng ,0.015296367
2022-12-06,Daily Change in Eng ,-0.013182674
2022-12-07,Daily Change in Eng ,-0.017175573
2022-12-08,Daily Change in Eng ,0.011650485
2022-12-09,Daily Change in Eng ,0.011516315
2022-12-12,Daily Change in Eng ,0.003795066
2022-12-13,Daily Change in Eng ,-0.018903592
2022-12-14,Daily Change in Eng ,0.001926782
2022-12-15,Daily Change in Eng ,-0.003846154
2022-12-16,Daily Change in Eng ,0.005791506
2022-01-04,Daily Change in Tel ,0.014652015
2022-01-05,Daily Change in Tel ,0.007220217
2022-01-06,Daily Change in Tel ,0.014336918
2022-01-07,Daily Change in Tel ,0.010600707
2022-01-10,Daily Change in Tel ,0.01048951
2022-01-11,Daily Change in Tel ,-0.010380623
2022-01-12,Daily Change in Tel ,-0.003496503
2022-01-13,Daily Change in Tel ,-0.003508772
2022-01-14,Daily Change in Tel ,0.028169014
2022-01-18,Daily Change in Tel ,0.030821918
2022-01-19,Daily Change in Tel ,-0.016611296
2022-01-20,Daily Change in Tel ,0.013513514
2022-01-21,Daily Change in Tel ,-0.02
2022-01-24,Daily Change in Tel ,0.006802721
2022-01-25,Daily Change in Tel ,0.013513514
2022-01-26,Daily Change in Tel ,0.01
2022-01-27,Daily Change in Tel ,0.00660066
2022-01-28,Daily Change in Tel ,0
2022-01-31,Daily Change in Tel ,-0.003278689
2022-02-01,Daily Change in Tel ,-0.003289474
2022-02-02,Daily Change in Tel ,-0.00990099
2022-02-03,Daily Change in Tel ,0.026666667
2022-02-04,Daily Change in Tel ,0.038961039
2022-02-07,Daily Change in Tel ,-0.00625
2022-02-08,Daily Change in Tel ,0.003144654
2022-02-09,Daily Change in Tel ,-0.009404389
2022-02-10,Daily Change in Tel ,0.037974684
2022-02-11,Daily Change in Tel ,-0.009146341
2022-02-14,Daily Change in Tel ,0.018461538
2022-02-15,Daily Change in Tel ,0.009063444
2022-02-16,Daily Change in Tel ,0.008982036
2022-02-17,Daily Change in Tel ,-0.008902077
2022-02-18,Daily Change in Tel ,-0.005988024
2022-02-22,Daily Change in Tel ,0.015060241
2022-02-23,Daily Change in Tel ,0.008902077
2022-02-24,Daily Change in Tel ,0.011764706
2022-02-25,Daily Change in Tel ,-0.011627907
2022-02-28,Daily Change in Tel ,-0.038235294
2022-03-01,Daily Change in Tel ,-0.03058104
2022-03-02,Daily Change in Tel ,0.050473186
2022-03-03,Daily Change in Tel ,-0.009009009
2022-03-04,Daily Change in Tel ,-0.012121212
2022-03-07,Daily Change in Tel ,0.027607362
2022-03-08,Daily Change in Tel ,0.044776119
2022-03-09,Daily Change in Tel ,0.005714286
2022-03-10,Daily Change in Tel ,0.028409091
2022-03-11,Daily Change in Tel ,0.002762431
2022-03-14,Daily Change in Tel ,0.035812672
2022-03-15,Daily Change in Tel ,0.002659574
2022-03-16,Daily Change in Tel ,-0.015915119
2022-03-17,Daily Change in Tel ,-0.018867925
2022-03-18,Daily Change in Tel ,-0.021978022
2022-03-21,Daily Change in Tel ,0.036516854
2022-03-22,Daily Change in Tel ,0.008130081
2022-03-23,Daily Change in Tel ,-0.016129032
2022-03-24,Daily Change in Tel ,0.010928962
2022-03-25,Daily Change in Tel ,0.035135135
2022-03-28,Daily Change in Tel ,-0.007832898
2022-03-29,Daily Change in Tel ,-0.023684211
2022-03-30,Daily Change in Tel ,-0.010781671
2022-03-31,Daily Change in Tel ,-0.010899183
2022-04-01,Daily Change in Tel ,0.024793388
2022-04-04,Daily Change in Tel ,0
2022-04-05,Daily Change in Tel ,0.02688172
2022-04-06,Daily Change in Tel ,0.020942408
2022-04-07,Daily Change in Tel ,0.007692308
2022-04-08,Daily Change in Tel ,0.022900763
2022-04-11,Daily Change in Tel ,0.02238806
2022-04-12,Daily Change in Tel ,-0.00729927
2022-04-13,Daily Change in Tel ,-0.004901961
2022-04-14,Daily Change in Tel ,0.024630542
2022-04-18,Daily Change in Tel ,0.007211538
2022-04-19,Daily Change in Tel ,0.016706444
2022-04-20,Daily Change in Tel ,-0.014084507
2022-04-21,Daily Change in Tel ,0.026190476
2022-04-22,Daily Change in Tel ,0.011600928
2022-04-25,Daily Change in Tel ,-0.018348624
2022-04-26,Daily Change in Tel ,-0.007009346
2022-04-27,Daily Change in Tel ,0.011764706
2022-04-28,Daily Change in Tel ,0.013953488
2022-04-29,Daily Change in Tel ,0.009174312
2022-05-02,Daily Change in Tel ,0.027272727
2022-05-03,Daily Change in Tel ,-0.013274336
2022-05-04,Daily Change in Tel ,-0.011210762
2022-05-05,Daily Change in Tel ,0.024943311
2022-05-06,Daily Change in Tel ,0.011061947
2022-05-09,Daily Change in Tel ,-0.002188184
2022-05-10,Daily Change in Tel ,-0.015350877
2022-05-11,Daily Change in Tel ,0
2022-05-12,Daily Change in Tel ,-0.017817372
2022-05-13,Daily Change in Tel ,0.027210884
2022-05-16,Daily Change in Tel ,-0.004415011
2022-05-17,Daily Change in Tel ,0.019955654
2022-05-18,Daily Change in Tel ,-0.008695652
2022-05-19,Daily Change in Tel ,-0.006578947
2022-05-20,Daily Change in Tel ,-0.011037528
2022-05-23,Daily Change in Tel ,0.013392857
2022-05-24,Daily Change in Tel ,-0.026431718
2022-05-25,Daily Change in Tel ,-0.015837104
2022-05-26,Daily Change in Tel ,-0.011494253
2022-05-27,Daily Change in Tel ,-0.004651163
2022-05-31,Daily Change in Tel ,0.009345794
2022-06-01,Daily Change in Tel ,0.011574074
2022-06-02,Daily Change in Tel ,-0.00228833
2022-06-03,Daily Change in Tel ,0.01146789
2022-06-06,Daily Change in Tel ,0.015873016
2022-06-07,Daily Change in Tel ,-0.011160714
2022-06-08,Daily Change in Tel ,0.011286682
2022-06-09,Daily Change in Tel ,0.008928571
2022-06-10,Daily Change in Tel ,0.03539823
2022-06-13,Daily Change in Tel ,0.057692308
2022-06-14,Daily Change in Tel ,0.02020202
2022-06-15,Daily Change in Tel ,-0.021782178
2022-06-16,Daily Change in Tel ,-0.002024291
2022-06-17,Daily Change in Tel ,-0.012170385
2022-06-21,Daily Change in Tel ,0.01026694
2022-06-22,Daily Change in Tel ,-0.018292683
2022-06-23,Daily Change in Tel ,-0.01242236
2022-06-24,Daily Change in Tel ,0.006289308
2022-06-27,Daily Change in Tel ,0.0125
2022-06-28,Daily Change in Tel ,0.00617284
2022-06-29,Daily Change in Tel ,-0.016359918
2022-06-30,Daily Change in Tel ,-0.014553015
2022-07-01,Daily Change in Tel ,-0.010548523
2022-07-05,Daily Change in Tel ,-0.012793177
2022-07-06,Daily Change in Tel ,0.012958963
2022-07-07,Daily Change in Tel ,0.006396588
2022-07-08,Daily Change in Tel ,0.008474576
2022-07-11,Daily Change in Tel ,-0.021008403
2022-07-12,Daily Change in Tel ,-0.004291845
2022-07-13,Daily Change in Tel ,-0.004310345
2022-07-14,Daily Change in Tel ,0.010822511
2022-07-15,Daily Change in Tel ,-0.00856531
2022-07-18,Daily Change in Tel ,0
2022-07-19,Daily Change in Tel ,0.008639309
2022-07-20,Daily Change in Tel ,-0.002141328
2022-07-21,Daily Change in Tel ,-0.019313305
2022-07-22,Daily Change in Tel ,-0.021881838
2022-07-25,Daily Change in Tel ,0.015659955
2022-07-26,Daily Change in Tel ,0
2022-07-27,Daily Change in Tel ,-0.017621145
2022-07-28,Daily Change in Tel ,-0.00896861
2022-07-29,Daily Change in Tel ,-0.011312217
2022-08-01,Daily Change in Tel ,-0.006864989
2022-08-02,Daily Change in Tel ,0.02764977
2022-08-03,Daily Change in Tel ,0.002242152
2022-08-04,Daily Change in Tel ,-0.013422819
2022-08-05,Daily Change in Tel ,0.036281179
2022-08-08,Daily Change in Tel ,-0.015317287
2022-08-09,Daily Change in Tel ,0.011111111
2022-08-10,Daily Change in Tel ,-0.008791209
2022-08-11,Daily Change in Tel ,0.015521064
2022-08-12,Daily Change in Tel ,-0.015283843
2022-08-15,Daily Change in Tel ,-0.00886918
2022-08-16,Daily Change in Tel ,0.006711409
2022-08-17,Daily Change in Tel ,0.02
2022-08-18,Daily Change in Tel ,-0.002178649
2022-08-19,Daily Change in Tel ,0.026200873
2022-08-22,Daily Change in Tel ,0.012765957
2022-08-23,Daily Change in Tel ,0
2022-08-24,Daily Change in Tel ,0.008403361
2022-08-25,Daily Change in Tel ,-0.016666667
2022-08-26,Daily Change in Tel ,0.002118644
2022-08-29,Daily Change in Tel ,0.019027484
2022-08-30,Daily Change in Tel ,0.004149378
2022-08-31,Daily Change in Tel ,0.008264463
2022-09-01,Daily Change in Tel ,0.032786885
2022-09-02,Daily Change in Tel ,-0.015873016
2022-09-06,Daily Change in Tel ,0.030241935
2022-09-07,Daily Change in Tel ,-0.017612524
2022-09-08,Daily Change in Tel ,0
2022-09-09,Daily Change in Tel ,0.001992032
2022-09-12,Daily Change in Tel ,0.001988072
2022-09-13,Daily Change in Tel ,0.017857143
2022-09-14,Daily Change in Tel ,0
2022-09-15,Daily Change in Tel ,0.007797271
2022-09-16,Daily Change in Tel ,0.007736944
2022-09-19,Daily Change in Tel ,0.003838772
2022-09-20,Daily Change in Tel ,0.013384321
2022-09-21,Daily Change in Tel ,-0.00754717
2022-09-22,Daily Change in Tel ,0.034220532
2022-09-23,Daily Change in Tel ,0.005514706
2022-09-26,Daily Change in Tel ,0.032906764
2022-09-27,Daily Change in Tel ,0.024778761
2022-09-28,Daily Change in Tel ,-0.02417962
2022-09-29,Daily Change in Tel ,0.014159292
2022-09-30,Daily Change in Tel ,0
2022-10-03,Daily Change in Tel ,-0.031413613
2022-10-04,Daily Change in Tel ,-0.016216216
2022-10-05,Daily Change in Tel ,0.023809524
2022-10-06,Daily Change in Tel ,0.003577818
2022-10-07,Daily Change in Tel ,0.016042781
2022-10-11,Daily Change in Tel ,0.019298246
2022-10-12,Daily Change in Tel ,0.005163511
2022-10-13,Daily Change in Tel ,0.011986301
2022-10-14,Daily Change in Tel ,0.001692047
2022-10-17,Daily Change in Tel ,0
2022-10-18,Daily Change in Tel ,-0.006756757
2022-10-19,Daily Change in Tel ,0.023809524
2022-10-20,Daily Change in Tel ,0.014950166
2022-10-21,Daily Change in Tel ,0.003273322
2022-10-24,Daily Change in Tel ,-0.004893964
2022-10-25,Daily Change in Tel ,-0.018032787
2022-10-26,Daily Change in Tel ,-0.016694491
2022-10-27,Daily Change in Tel ,-0.010186757
2022-10-28,Daily Change in Tel ,0.008576329
2022-10-31,Daily Change in Tel ,0.010204082
2022-11-01,Daily Change in Tel ,-0.01010101
2022-11-02,Daily Change in Tel ,-0.00170068
2022-11-03,Daily Change in Tel ,0.015332198
2022-11-04,Daily Change in Tel ,0
2022-11-07,Daily Change in Tel ,0.005033557
2022-11-08,Daily Change in Tel ,-0.010016694
2022-11-09,Daily Change in Tel ,0.006745363
2022-11-10,Daily Change in Tel ,-0.055276382
2022-11-14,Daily Change in Tel ,-0.005319149
2022-11-15,Daily Change in Tel ,-0.019607843
2022-11-16,Daily Change in Tel ,-0.014545455
2022-11-17,Daily Change in Tel ,0.011070111
2022-11-18,Daily Change in Tel ,0.001824818
2022-11-21,Daily Change in Tel ,-0.005464481
2022-11-22,Daily Change in Tel ,-0.007326007
2022-11-23,Daily Change in Tel ,-0.011070111
2022-11-25,Daily Change in Tel ,-0.003731343
2022-11-28,Daily Change in Tel ,-0.001872659
2022-11-29,Daily Change in Tel ,0.015009381
2022-11-30,Daily Change in Tel ,-0.005545287
2022-12-01,Daily Change in Tel ,-0.035315985
2022-12-02,Daily Change in Tel ,-0.007707129
2022-12-05,Daily Change in Tel ,0.015533981
2022-12-06,Daily Change in Tel ,-0.013384321
2022-12-07,Daily Change in Tel ,-0.01744186
2022-12-08,Daily Change in Tel ,0.007889546
2022-12-09,Daily Change in Tel ,0.007827789
2022-12-12,Daily Change in Tel ,0.005825243
2022-12-13,Daily Change in Tel ,-0.019305019
2022-12-14,Daily Change in Tel ,0.003937008
2022-12-15,Daily Change in Tel ,-0.003921569
2022-12-16,Daily Change in Tel ,0.00984252
2022-01-04,Daily Change in Ind,0.012931034
2022-01-05,Daily Change in Ind,0.008510638
2022-01-06,Daily Change in Ind,0.016877637
2022-01-07,Daily Change in Ind,0.008298755
2022-01-10,Daily Change in Ind,0.012345679
2022-01-11,Daily Change in Ind,-0.012195122
2022-01-12,Daily Change in Ind,0
2022-01-13,Daily Change in Ind,-0.004115226
2022-01-14,Daily Change in Ind,0.02892562
2022-01-18,Daily Change in Ind,0.032128514
2022-01-19,Daily Change in Ind,-0.011673152
2022-01-20,Daily Change in Ind,0.003937008
2022-01-21,Daily Change in Ind,-0.015686275
2022-01-24,Daily Change in Ind,0.007968127
2022-01-25,Daily Change in Ind,0.015810277
2022-01-26,Daily Change in Ind,0.011673152
2022-01-27,Daily Change in Ind,0.011538462
2022-01-28,Daily Change in Ind,0.003802281
2022-01-31,Daily Change in Ind,0
2022-02-01,Daily Change in Ind,0
2022-02-02,Daily Change in Ind,-0.015151515
2022-02-03,Daily Change in Ind,0.023076923
2022-02-04,Daily Change in Ind,0.04887218
2022-02-07,Daily Change in Ind,-0.007168459
2022-02-08,Daily Change in Ind,0.010830325
2022-02-09,Daily Change in Ind,-0.010714286
2022-02-10,Daily Change in Ind,0.046931408
2022-02-11,Daily Change in Ind,-0.013793103
2022-02-14,Daily Change in Ind,0.024475524
2022-02-15,Daily Change in Ind,0.010238908
2022-02-16,Daily Change in Ind,0.003378378
2022-02-17,Daily Change in Ind,-0.013468013
2022-02-18,Daily Change in Ind,-0.003412969
2022-02-22,Daily Change in Ind,0.017123288
2022-02-23,Daily Change in Ind,0.01010101
2022-02-24,Daily Change in Ind,0.013333333
2022-02-25,Daily Change in Ind,-0.003289474
2022-02-28,Daily Change in Ind,-0.04290429
2022-03-01,Daily Change in Ind,-0.031034483
2022-03-02,Daily Change in Ind,0.060498221
2022-03-03,Daily Change in Ind,-0.006711409
2022-03-04,Daily Change in Ind,-0.016891892
2022-03-07,Daily Change in Ind,0.030927835
2022-03-08,Daily Change in Ind,0.05
2022-03-09,Daily Change in Ind,0.012698413
2022-03-10,Daily Change in Ind,0.02507837
2022-03-11,Daily Change in Ind,0.003058104
2022-03-14,Daily Change in Ind,0.045731707
2022-03-15,Daily Change in Ind,0.002915452
2022-03-16,Daily Change in Ind,-0.002906977
2022-03-17,Daily Change in Ind,-0.017492711
2022-03-18,Daily Change in Ind,-0.017804154
2022-03-21,Daily Change in Ind,0.045317221
2022-03-22,Daily Change in Ind,0.00867052
2022-03-23,Daily Change in Ind,-0.020057307
2022-03-24,Daily Change in Ind,0.005847953
2022-03-25,Daily Change in Ind,0.040697674
2022-03-28,Daily Change in Ind,-0.002793296
2022-03-29,Daily Change in Ind,-0.025210084
2022-03-30,Daily Change in Ind,-0.017241379
2022-03-31,Daily Change in Ind,-0.00877193
2022-04-01,Daily Change in Ind,0.017699115
2022-04-04,Daily Change in Ind,0.005797101
2022-04-05,Daily Change in Ind,0.025936599
2022-04-06,Daily Change in Ind,0.011235955
2022-04-07,Daily Change in Ind,0.005555556
2022-04-08,Daily Change in Ind,0.022099448
2022-04-11,Daily Change in Ind,0.016216216
2022-04-12,Daily Change in Ind,-0.013297872
2022-04-13,Daily Change in Ind,0
2022-04-14,Daily Change in Ind,0.02425876
2022-04-18,Daily Change in Ind,0.010526316
2022-04-19,Daily Change in Ind,0.018229167
2022-04-20,Daily Change in Ind,-0.012787724
2022-04-21,Daily Change in Ind,0.025906736
2022-04-22,Daily Change in Ind,0.01010101
2022-04-25,Daily Change in Ind,-0.015
2022-04-26,Daily Change in Ind,-0.010152284
2022-04-27,Daily Change in Ind,0.01025641
2022-04-28,Daily Change in Ind,0.012690355
2022-04-29,Daily Change in Ind,0.012531328
2022-05-02,Daily Change in Ind,0.032178218
2022-05-03,Daily Change in Ind,-0.009592326
2022-05-04,Daily Change in Ind,-0.016949153
2022-05-05,Daily Change in Ind,0.024630542
2022-05-06,Daily Change in Ind,0.012019231
2022-05-09,Daily Change in Ind,-0.004750594
2022-05-10,Daily Change in Ind,-0.007159905
2022-05-11,Daily Change in Ind,-0.009615385
2022-05-12,Daily Change in Ind,-0.014563107
2022-05-13,Daily Change in Ind,0.027093596
2022-05-16,Daily Change in Ind,-0.004796163
2022-05-17,Daily Change in Ind,0.021686747
2022-05-18,Daily Change in Ind,-0.009433962
2022-05-19,Daily Change in Ind,-0.002380952
2022-05-20,Daily Change in Ind,-0.011933174
2022-05-23,Daily Change in Ind,0.012077295
2022-05-24,Daily Change in Ind,-0.023866348
2022-05-25,Daily Change in Ind,-0.014669927
2022-05-26,Daily Change in Ind,-0.009925558
2022-05-27,Daily Change in Ind,-0.002506266
2022-05-31,Daily Change in Ind,0.015075377
2022-06-01,Daily Change in Ind,0.017326733
2022-06-02,Daily Change in Ind,-0.00243309
2022-06-03,Daily Change in Ind,0.012195122
2022-06-06,Daily Change in Ind,0.014457831
2022-06-07,Daily Change in Ind,-0.011876485
2022-06-08,Daily Change in Ind,0.012019231
2022-06-09,Daily Change in Ind,0.009501188
2022-06-10,Daily Change in Ind,0.037647059
2022-06-13,Daily Change in Ind,0.065759637
2022-06-14,Daily Change in Ind,0.021276596
2022-06-15,Daily Change in Ind,-0.022916667
2022-06-16,Daily Change in Ind,-0.006396588
2022-06-17,Daily Change in Ind,-0.010729614
2022-06-21,Daily Change in Ind,0.010845987
2022-06-22,Daily Change in Ind,-0.021459227
2022-06-23,Daily Change in Ind,-0.010964912
2022-06-24,Daily Change in Ind,0.011086475
2022-06-27,Daily Change in Ind,0.013157895
2022-06-28,Daily Change in Ind,0.004329004
2022-06-29,Daily Change in Ind,-0.019396552
2022-06-30,Daily Change in Ind,-0.015384615
2022-07-01,Daily Change in Ind,-0.008928571
2022-07-05,Daily Change in Ind,-0.011261261
2022-07-06,Daily Change in Ind,0.018223235
2022-07-07,Daily Change in Ind,0.008948546
2022-07-08,Daily Change in Ind,0.011086475
2022-07-11,Daily Change in Ind,-0.015350877
2022-07-12,Daily Change in Ind,-0.006681514
2022-07-13,Daily Change in Ind,0
2022-07-14,Daily Change in Ind,0.006726457
2022-07-15,Daily Change in Ind,-0.008908686
2022-07-18,Daily Change in Ind,0.002247191
2022-07-19,Daily Change in Ind,0.006726457
2022-07-20,Daily Change in Ind,-0.002227171
2022-07-21,Daily Change in Ind,-0.03125
2022-07-22,Daily Change in Ind,-0.023041475
2022-07-25,Daily Change in Ind,0.014150943
2022-07-26,Daily Change in Ind,-0.002325581
2022-07-27,Daily Change in Ind,-0.016317016
2022-07-28,Daily Change in Ind,-0.011848341
2022-07-29,Daily Change in Ind,-0.009592326
2022-08-01,Daily Change in Ind,-0.012106538
2022-08-02,Daily Change in Ind,0.031862745
2022-08-03,Daily Change in Ind,-0.002375297
2022-08-04,Daily Change in Ind,-0.014285714
2022-08-05,Daily Change in Ind,0.038647343
2022-08-08,Daily Change in Ind,-0.013953488
2022-08-09,Daily Change in Ind,0.011792453
2022-08-10,Daily Change in Ind,-0.009324009
2022-08-11,Daily Change in Ind,0.007058824
2022-08-12,Daily Change in Ind,-0.007009346
2022-08-15,Daily Change in Ind,-0.009411765
2022-08-16,Daily Change in Ind,0.007125891
2022-08-17,Daily Change in Ind,0.016509434
2022-08-18,Daily Change in Ind,-0.002320186
2022-08-19,Daily Change in Ind,0.018604651
2022-08-22,Daily Change in Ind,0.01826484
2022-08-23,Daily Change in Ind,0.002242152
2022-08-24,Daily Change in Ind,0.006711409
2022-08-25,Daily Change in Ind,-0.015555556
2022-08-26,Daily Change in Ind,0.002257336
2022-08-29,Daily Change in Ind,0.02027027
2022-08-30,Daily Change in Ind,0
2022-08-31,Daily Change in Ind,0.008830022
2022-09-01,Daily Change in Ind,0.030634573
2022-09-02,Daily Change in Ind,-0.01910828
2022-09-06,Daily Change in Ind,0.032467532
2022-09-07,Daily Change in Ind,-0.016771488
2022-09-08,Daily Change in Ind,0.006396588
2022-09-09,Daily Change in Ind,0.002118644
2022-09-12,Daily Change in Ind,0.00422833
2022-09-13,Daily Change in Ind,0.023157895
2022-09-14,Daily Change in Ind,-0.002057613
2022-09-15,Daily Change in Ind,0.008247423
2022-09-16,Daily Change in Ind,0.006134969
2022-09-19,Daily Change in Ind,0.006097561
2022-09-20,Daily Change in Ind,0.012121212
2022-09-21,Daily Change in Ind,-0.007984032
2022-09-22,Daily Change in Ind,0.036217304
2022-09-23,Daily Change in Ind,0.00776699
2022-09-26,Daily Change in Ind,0.026974952
2022-09-27,Daily Change in Ind,0.022514071
2022-09-28,Daily Change in Ind,-0.033027523
2022-09-29,Daily Change in Ind,0.020872865
2022-09-30,Daily Change in Ind,0.007434944
2022-10-03,Daily Change in Ind,-0.025830258
2022-10-04,Daily Change in Ind,-0.015151515
2022-10-05,Daily Change in Ind,0.019230769
2022-10-06,Daily Change in Ind,0.009433962
2022-10-07,Daily Change in Ind,0.013084112
2022-10-11,Daily Change in Ind,0.014760148
2022-10-12,Daily Change in Ind,0
2022-10-13,Daily Change in Ind,0.014545455
2022-10-14,Daily Change in Ind,0.007168459
2022-10-17,Daily Change in Ind,-0.003558719
2022-10-18,Daily Change in Ind,-0.003571429
2022-10-19,Daily Change in Ind,0.023297491
2022-10-20,Daily Change in Ind,0.015761821
2022-10-21,Daily Change in Ind,-0.005172414
2022-10-24,Daily Change in Ind,-0.001733102
2022-10-25,Daily Change in Ind,-0.017361111
2022-10-26,Daily Change in Ind,-0.014134276
2022-10-27,Daily Change in Ind,-0.012544803
2022-10-28,Daily Change in Ind,0.012704174
2022-10-31,Daily Change in Ind,0.008960573
2022-11-01,Daily Change in Ind,-0.005328597
2022-11-02,Daily Change in Ind,0.001785714
2022-11-03,Daily Change in Ind,0.01426025
2022-11-04,Daily Change in Ind,0
2022-11-07,Daily Change in Ind,0.005272408
2022-11-08,Daily Change in Ind,-0.013986014
2022-11-09,Daily Change in Ind,0.00177305
2022-11-10,Daily Change in Ind,-0.051327434
2022-11-14,Daily Change in Ind,0.001865672
2022-11-15,Daily Change in Ind,-0.014897579
2022-11-16,Daily Change in Ind,-0.015122873
2022-11-17,Daily Change in Ind,0.011516315
2022-11-18,Daily Change in Ind,0.003795066
2022-11-21,Daily Change in Ind,-0.001890359
2022-11-22,Daily Change in Ind,-0.009469697
2022-11-23,Daily Change in Ind,-0.011472275
2022-11-25,Daily Change in Ind,0
2022-11-28,Daily Change in Ind,-0.003868472
2022-11-29,Daily Change in Ind,0.00776699
2022-11-30,Daily Change in Ind,-0.009633911
2022-12-01,Daily Change in Ind,-0.029182879
2022-12-02,Daily Change in Ind,-0.006012024
2022-12-05,Daily Change in Ind,0.018145161
2022-12-06,Daily Change in Ind,-0.013861386
2022-12-07,Daily Change in Ind,-0.018072289
2022-12-08,Daily Change in Ind,0.010224949
2022-12-09,Daily Change in Ind,0.010121457
2022-12-12,Daily Change in Ind,0.004008016
2022-12-13,Daily Change in Ind,-0.021956088
2022-12-14,Daily Change in Ind,0.002040816
2022-12-15,Daily Change in Ind,-0.00203666
2022-12-16,Daily Change in Ind,0.004081633
